69911456,Rua Montevideu,,João Eduardo I,7735,1
69911458,Rua Ana Nery,,João Eduardo I,7735,1
69911460,Travessa Guanabara,,João Eduardo I,7735,1
69911462,Travessa Capixaba,,João Eduardo I,7735,1
69911464,Rua Novo Estado,,João Eduardo I,7735,1
69911466,Rua Francisco Xavier,,João Eduardo I,7735,1
69911468,Rua Campo Grande,- até 608/609,João Eduardo I,7735,1
69911470,Rua Campo Grande,- de 610/611 ao fim,João Eduardo I,7735,1
69911472,Rua São Raimundo,- de 288/289 ao fim,João Eduardo I,7735,1
69911480,Travessa Milton Lucena,,João Eduardo II,7735,1
69911482,Travessa Marinho Monte,,João Eduardo II,7735,1
69911484,Travessa Messias,,João Eduardo II,7735,1
69911486,Beco Zé Antônio,,João Eduardo II,7735,1
69911488,Beco João Eduardo,,João Eduardo II,7735,1
69911490,Rua Jerusalém,,João Eduardo II,7735,1
69911492,Travessa Dom Bosco,,João Eduardo II,7735,1
69911494,Travessa Santa Maria,,João Eduardo II,7735,1
69911496,Travessa Jacó,,João Eduardo II,7735,1
69911498,Rua Santa Luzia,,João Eduardo II,7735,1
69911500,Rua São Francisco,,João Eduardo II,7735,1
69911502,Rua São Sebastião,,João Eduardo II,7735,1
69911504,Rua São Raimundo,- até 286/287,João Eduardo II,7735,1
69911506,Travessa Apucarana,,João Eduardo II,7735,1
69911508,Travessa Flaviano,,João Eduardo II,7735,1
69911510,Rua Santa Terezinha,,João Eduardo II,7735,1
69911512,Travessa Santa Madalena,,João Eduardo II,7735,1
69911514,Travessa Mauá,,João Eduardo II,7735,1
69911516,Rua Mauá,,João Eduardo II,7735,1
69911518,Rua Álvaro Cézar,,João Eduardo II,7735,1
69911520,Travessa João Edimar,,João Eduardo II,7735,1
69911522,Travessa Raimundo Melo,,João Eduardo II,7735,1
69911524,Travessa Carlos Santos,,João Eduardo II,7735,1
69911526,Travessa Maria Amélia,,João Eduardo II,7735,1
69911528,Travessa Itamarati,,João Eduardo II,7735,1
69911530,Travessa Alencar,,João Eduardo II,7735,1
69911532,Travessa Santa Cruz,,João Eduardo II,7735,1
69911534,Travessa Vera Cruz,,João Eduardo II,7735,1
69911536,Rua Hosana Carneiro,,João Eduardo II,7735,1
69911538,Travessa Hosana Carneiro,,João Eduardo II,7735,1
69911540,Rua Habitar Brasil,,João Eduardo II,7735,1
69911542,Rua São Salvador,- de 275/276 ao fim,João Eduardo II,7735,1
69911544,Travessa C,,João Eduardo II,7735,1
69911560,Travessa São Salvador,,Bahia Velha,7735,1
69911562,Travessa São Marcos,,Bahia Velha,7735,1
69911564,Rua Mendes Sá,- de 221/222 ao fim,Bahia Velha,7735,1
69911566,Travessa Marília,,Bahia Velha,7735,1
69911568,Travessa Canadá,,Bahia Velha,7735,1
69911570,Travessa Dom Pedro,,Bahia Velha,7735,1
69911572,Travessa Hélio Melo,,Bahia Velha,7735,1
69911574,Travessa Globo,,Bahia Velha,7735,1
69911576,Rua Mendes Sá,- até 219/220,Bahia Velha,7735,1
69911578,Beco Cecília Freitas,,Bahia Velha,7735,1
69911580,Rua Bom Jesus,,Bahia Velha,7735,1
69911582,Rua Santa Rita,- de 501/502 ao fim,Bahia Velha,7735,1
69911584,Travessa Bandeirante,,Bahia Velha,7735,1
69911586,Travessa Raimundo Mesquita,,Bahia Velha,7735,1
69911588,Travessa Chico Mendes,,Bahia Velha,7735,1
69911590,Rua Estácio de Sá,,Bahia Velha,7735,1
69911650,Rua Santa Rita,- até 499/500,Bahia Nova,7735,1
69911653,Rua Boa União,- até 519/520,Bahia Nova,7735,1
69911656,Rua da Amizade,,Bahia Nova,7735,1
69911659,Travessa da Glória,,Bahia Nova,7735,1
69911662,Rua Profeta,,Bahia Nova,7735,1
69911665,Rua 15,- de 411/412 ao fim,Bahia Nova,7735,1
69911668,Rua Afonso Pena,,Bahia Nova,7735,1
69911671,Rua Laranja,,Bahia Nova,7735,1
69911674,Rua Capivara,,Bahia Nova,7735,1
69911677,Travessa Mangueira,,Bahia Nova,7735,1
69911680,Rua Manoel Ribeiro,,Bahia Nova,7735,1
69911683,Travessa 13 de Junho,,Bahia Nova,7735,1
69911686,Rua Lagoinha,,Bahia Nova,7735,1
69911689,Travessa Estrela,,Bahia Nova,7735,1
69911692,Rua Primavera,,Bahia Nova,7735,1
69911695,Rua Três Primavera,,Bahia Nova,7735,1
69911698,Rua São João,,Bahia Nova,7735,1
69911701,Rua São Francisco,,Bahia Nova,7735,1
69911704,Travessa Fortaleza,,Bahia Nova,7735,1
69911707,Rua São Pedro,,Bahia Nova,7735,1
69911710,Rua 13 de Maio,- de 505/506 ao fim,Bahia Nova,7735,1
69911713,Rua do Sol,- de 401/402 ao fim,Bahia Nova,7735,1
69911716,Rua Boa União,- de 521/522 ao fim,Bahia Nova,7735,1
69911719,Beco São Cristóvão,,Bahia Nova,7735,1
69911722,Rua Ramos de Azevedo,,Bahia Nova,7735,1
69911760,Rua 13 de Maio,- até 503/504,Boa União,7735,1
69911762,Rua 27 de Setembro,,Boa União,7735,1
69911764,Rua 1º de Abril,,Boa União,7735,1
69911766,Rua 10 de Janeiro,,Boa União,7735,1
69911768,Rua 26 de Setembro,,Boa União,7735,1
69911770,Rua 8 de Dezembro,,Boa União,7735,1
69911772,Rua 6 de Maio,,Boa União,7735,1
69911774,Rua 10 de Novembro,,Boa União,7735,1
69911776,Rua 20 de Novembro,,Boa União,7735,1
69911778,Rua 19 de Outubro,,Boa União,7735,1
69911780,Rua 16 de Julho,,Boa União,7735,1
69911784,Avenida Fares Fegali,,Boa União,7735,1
69911786,Rua Rádio Farol,- de 505/506 ao fim,Boa União,7735,1
69911788,Rua das Palmas,,Boa União,7735,1
69911790,Rua Afonso Pena,,Boa União,7735,1
69911792,Travessa Mangueira,,Boa União,7735,1
69911794,Beco do Mangueiral,,Boa União,7735,1
69911796,Rua das Mangueiras,,Boa União,7735,1
69911800,Estrada da Sobral,- de 2376 a 3794 - lado par,Ayrton Sena,7735,1
69911802,Estrada da Sobral,- de 2377 a 3795 - lado ímpar,Ayrton Sena,7735,1
69911804,Rua Campo Grande,,Ayrton Sena,7735,1
69911806,Rua Abacaxi,,Ayrton Sena,7735,1
69911808,Beco Abacaxi,,Ayrton Sena,7735,1
69911810,Travessa Nossa Senhora Aparecida,,Ayrton Sena,7735,1
69911812,Travessa Côco,,Ayrton Sena,7735,1
69911814,Travessa Campinas,,Ayrton Sena,7735,1
69911816,Rua Barro,,Ayrton Sena,7735,1
69911818,Rua Beira Rio,,Ayrton Sena,7735,1
69911820,Rua Passo Fundo,,Ayrton Sena,7735,1
69911822,Beco do Passarinho,,Ayrton Sena,7735,1
69911824,Rua Projetada 711,,Ayrton Sena,7735,1
69911826,Travessa Iracema II,,Ayrton Sena,7735,1
69911828,Travessa Ayrton Senna,,Ayrton Sena,7735,1
69911830,Rua Jatobá,,Ayrton Sena,7735,1
69911832,Rua da Prata,,Ayrton Sena,7735,1
69911834,Rua Esmeralda,,Ayrton Sena,7735,1
69911836,Travessa Zacarias,,Ayrton Sena,7735,1
69911838,Travessa Três Cinco,,Ayrton Sena,7735,1
69911840,Travessa Jataí,,Ayrton Sena,7735,1
69911842,Travessa Sino,,Ayrton Sena,7735,1
69911844,Rua Salinas,,Ayrton Sena,7735,1
69911846,Rua Turiba,,Ayrton Sena,7735,1
69911848,Travessa Jerusalém,,Ayrton Sena,7735,1
69911850,Travessa Livramento,,Ayrton Sena,7735,1
69911852,Travessa São Jorge,,Ayrton Sena,7735,1
69911854,Rua Raimundo Melo,,Ayrton Sena,7735,1
69911856,Rua Campo Novo,,Ayrton Sena,7735,1
69911858,Rua Giocondo,,Ayrton Sena,7735,1
69911860,Rua Teotônio Vilela,,Ayrton Sena,7735,1
69911862,Rua João Gomes,,Ayrton Sena,7735,1
69911864,Estrada da Sobral,- de 3797 ao fim - lado ímpar,Ayrton Sena,7735,1
69911866,Estrada da Sobral,- de 3796 ao fim - lado par,Ayrton Sena,7735,1
69911868,Rua João Amâncio,- até 200/201,Ayrton Sena,7735,1
69911870,Rua Liberdade,,Ayrton Sena,7735,1
69911872,Travessa 7 de Julho,,Ayrton Sena,7735,1
69911874,Travessa Edmundo Pinto,,Ayrton Sena,7735,1
69911876,Travessa Liberdade II,,Ayrton Sena,7735,1
69911878,Rua Frei Thiago,,Ayrton Sena,7735,1
69911880,Rodovia Transacreana,- até 713 - lado ímpar,Ayrton Sena,7735,1
69911882,Rua Martelo,,Ayrton Sena,7735,1
69911970,Estrada da Sobral 564,,Aeroporto Velho,7735,1
69912000,Rua 26 de Junho,- até 411/412,Sobral,7735,1
69912002,Rua 26 de Junho,- de 413/414 ao fim,Sobral,7735,1
69912004,Rua 3 de Agosto,,Sobral,7735,1
69912006,Rua 11 de Dezembro,,Sobral,7735,1
69912008,Rua 2 de Dezembro,,Sobral,7735,1
69912010,Rua 5 de Junho,,Sobral,7735,1
69912012,Rua 7 de Setembro,,Sobral,7735,1
69912014,Rua Allan Victor,,Sobral,7735,1
69912016,Rua 25 de Dezembro,,Sobral,7735,1
69912018,Rua Doutor Vitor,,Sobral,7735,1
69912022,Rua do Sol,- até 399/400,Sobral,7735,1
69912024,Rua Coral,,Sobral,7735,1
69912026,Rua da Lua,,Sobral,7735,1
69912028,Rua Adalberto Sena,,Sobral,7735,1
69912030,Rua Ayrton Senna,,Sobral,7735,1
69912032,Travessa Liberdade,,Sobral,7735,1
69912050,Rua São José I,,João Paulo,7735,1
69912052,Travessa Tiradentes,,João Paulo,7735,1
69912054,Rua Sebastião Amâncio,,João Paulo,7735,1
69912056,Travessa Juricaba,,João Paulo,7735,1
69912058,Rua João Amâncio,- de 202/203 ao fim,João Paulo,7735,1
69912060,Rua Juricaba,,João Paulo,7735,1
69912062,Rua Tabosa,- até 1299/1300,João Paulo,7735,1
69912120,Rodovia Transacreana,- de 715/716 a 1699/1700,Boa Vista,7735,1
69912122,Rua das Flores,,Boa Vista,7735,1
69912124,Travessa Dolira Vasque,,Boa Vista,7735,1
69912126,Rua dos Operários,,Boa Vista,7735,1
69912128,Rua Orleir Cameli,,Boa Vista,7735,1
69912130,Rua Major Gualter,,Boa Vista,7735,1
69912132,Travessa Beija-flor,,Boa Vista,7735,1
69912134,Rua Beija-flor,,Boa Vista,7735,1
69912136,Rua do Futuro,,Boa Vista,7735,1
69912138,Travessa Jerônimo,,Boa Vista,7735,1
69912140,Rua São Batista,,Boa Vista,7735,1
69912142,Travessa Torre,,Boa Vista,7735,1
69912180,Rua Antônio Souza de Araújo,,Plácido de Castro,7735,1
69912182,Rua João das Flores,,Plácido de Castro,7735,1
69912184,Rua Mangueira,,Plácido de Castro,7735,1
69912186,Rua Fortaleza,,Plácido de Castro,7735,1
69912188,Rua 27 de Julho,,Plácido de Castro,7735,1
69912190,Rua Beija-flor,,Plácido de Castro,7735,1
69912192,Travessa 2 de Junho,,Plácido de Castro,7735,1
69912194,Travessa João de Barros,,Plácido de Castro,7735,1
69912196,Rua Geraldo Poersch,,Plácido de Castro,7735,1
69912198,Rua Aluízio Bezerra,,Plácido de Castro,7735,1
69912200,Rua Adalcides Galo,,Plácido de Castro,7735,1
69912202,Rua Loé Ferreira,,Plácido de Castro,7735,1
69912204,Rua Noemia Maia de Lima,,Plácido de Castro,7735,1
69912206,Rua Wilson Ribeiro,,Plácido de Castro,7735,1
69912208,Avenida Adalberto Sena,,Plácido de Castro,7735,1
69912210,Rua Tucano,,Plácido de Castro,7735,1
69912212,Rua Dourado,,Plácido de Castro,7735,1
69912214,Rua Domingos de Medeiros,,Plácido de Castro,7735,1
69912216,Rua Urbano Medeiros,,Plácido de Castro,7735,1
69912218,Rua José do Vale,,Plácido de Castro,7735,1
69912290,Rodovia Transacreana,- de 1701/1702 ao fim,Floresta Sul,7735,1
69912293,Via Verde,- de 3555/3556 a 99998/99999,Floresta Sul,7735,1
69912296,Rua Sabrina Silva,,Floresta Sul,7735,1
69912299,Travessa Sabrina silva,,Floresta Sul,7735,1
69912302,Rua Independência,,Floresta Sul,7735,1
69912305,Rua Joca Ferreira Lima,,Floresta Sul,7735,1
69912308,Rua da Associação Caixa Econômica,,Floresta Sul,7735,1
69912311,Travessa Esmeralda,,Floresta Sul,7735,1
69912314,Rua Diamante,,Floresta Sul,7735,1
69912317,Rua Andiroba,,Floresta Sul,7735,1
69912320,Rua Artesanato,,Floresta Sul,7735,1
69912323,Rua Seoria Ferreira Lima,,Floresta Sul,7735,1
69912326,Rua Antônio Anselmo,,Floresta Sul,7735,1
69912329,Rua Antônio Rufino,,Floresta Sul,7735,1
69912332,Rua José Machado,,Floresta Sul,7735,1
69912335,Rua Júlio Gama,,Floresta Sul,7735,1
69912338,Rua Raimundo Malaquias,,Floresta Sul,7735,1
69912341,Rua Francisco Vieira,,Floresta Sul,7735,1
69912344,Rua Donato Camelo,,Floresta Sul,7735,1
69912347,Rua Jacy Rodrigues,,Floresta Sul,7735,1
69912350,Rua Saulo,,Floresta Sul,7735,1
69912353,Rua José Bonifácio da Silva,,Floresta Sul,7735,1
69912356,Via Verde,- até 3553/3554,Floresta Sul,7735,1
69912359,Rua Timóteo de Souza,,Floresta Sul,7735,1
69912362,Rua José Eusébio,,Floresta Sul,7735,1
69912440,Rua Tabosa,- de 1301/1302 a 4299/4300,Floresta Sul,7735,1
69912443,Estrada da Floresta,- de 1901/1902 ao fim,Floresta Sul,7735,1
69912446,Travessa Timóteo de Souza,,Floresta Sul,7735,1
69912449,Beco Francisco Frota,,Floresta Sul,7735,1
69912452,Estrada da Floresta,- de 1209/1210 a 1899/1900,Floresta Sul,7735,1
69912455,Rua G,,Floresta Sul,7735,1
69912458,Rua F,,Floresta Sul,7735,1
69912461,Rua D,,Floresta Sul,7735,1
69912464,Rua C,,Floresta Sul,7735,1
69912467,Rua E,,Floresta Sul,7735,1
69912470,Rua B,,Floresta Sul,7735,1
69912473,Rua A,,Floresta Sul,7735,1
69912476,Rua São Marcos,,Floresta Sul,7735,1
69912479,Travessa Sucupira,,Floresta Sul,7735,1
69912482,Travessa Buriti,,Floresta Sul,7735,1
69912485,Rua Sucupira,,Floresta Sul,7735,1
69912488,Rua Jutaí,,Floresta Sul,7735,1
69912491,Travessa Sérgio Vale,,Floresta Sul,7735,1
69912494,Rua Projetada 684,,Floresta Sul,7735,1
69912497,Rua Caviana,,Floresta Sul,7735,1
69912900,Estrada da Floresta 2320,,Floresta Sul,7735,1
69914090,Rua Tiradentes,,Vilage Tiradentes,7735,1
69914092,Rua Alfazema,,Vilage Tiradentes,7735,1
69914094,Rua Vila Rica,,Vilage Tiradentes,7735,1
69914096,Rua Ouro Preto,,Vilage Tiradentes,7735,1
69914098,Rua Ana Gomes,,Vilage Tiradentes,7735,1
69914100,Rua Pedro Neves,,Vilage Tiradentes,7735,1
69914102,Rua Edmundo Roseno Pinto,,Vilage Tiradentes,7735,1
69914104,Rua Sebastião Nunes da Silva,,Vilage Tiradentes,7735,1
69914106,Rua São João Del Rei,,Vilage Tiradentes,7735,1
69914260,Ramal Santa Maria,,Waldemar Maciel,7735,1
69914262,Rua do Jasmim,,Waldemar Maciel,7735,1
69914264,Rua das Rosas,,Waldemar Maciel,7735,1
69914266,Rua das Avencas,,Waldemar Maciel,7735,1
69914268,Rua Fortaleza,,Waldemar Maciel,7735,1
69914270,Rua Pereira,,Waldemar Maciel,7735,1
69914272,Rua Floresta,,Waldemar Maciel,7735,1
69914274,Travessa Piauí,,Waldemar Maciel,7735,1
69914276,Rua São Luiz,,Waldemar Maciel,7735,1
69914278,Rua Aracaju,,Waldemar Maciel,7735,1
69914280,Rua Maceió,,Waldemar Maciel,7735,1
69914282,Rua José Fernandes,,Waldemar Maciel,7735,1
69914284,Rua Salvador,,Waldemar Maciel,7735,1
69914286,Rua Natal,,Waldemar Maciel,7735,1
69914288,Rua João Pessoa,,Waldemar Maciel,7735,1
69914290,Rua Teresina,,Waldemar Maciel,7735,1
69914292,Rua Alegrete,,Waldemar Maciel,7735,1
69914294,Rua Petrolina,,Waldemar Maciel,7735,1
69914296,Rua Juazeiro,,Waldemar Maciel,7735,1
69914298,Rua Olinda,,Waldemar Maciel,7735,1
69914300,Rua Sergipe,,Waldemar Maciel,7735,1
69914302,Travessa Aureliano Lopes,,Waldemar Maciel,7735,1
69914304,Rua Raimundo Melo,,Waldemar Maciel,7735,1
69914310,Estrada do Calafate,- de 3212 a 3516 - lado par,Calafate,7735,1
69914312,Estrada do Calafate,- de 3518 ao fim - lado par,Calafate,7735,1
69914314,Rua Maria José Domingos,,Calafate,7735,1
69914316,Rua Maria Francisca Ribeiro,,Calafate,7735,1
69914318,Rua Luiz Pereira,,Calafate,7735,1
69914320,Estrada do Calafate,- de 3517 ao fim - lado ímpar,Calafate,7735,1
69914322,Travessa Calvário,,Calafate,7735,1
69914324,Estrada do Calafate,- de 3213 a 3515 - lado ímpar,Calafate,7735,1
69914326,Travessa João Lopes,,Calafate,7735,1
69914328,Rua Porto Acre,,Calafate,7735,1
69914330,Travessa Israel Lira,,Calafate,7735,1
69914332,Rua da Alegria,,Calafate,7735,1
69914334,Rua Rondônia,,Calafate,7735,1
69914336,Travessa Santa Rosa,,Calafate,7735,1
69914338,Rua São João,,Calafate,7735,1
69914340,Rua Brasiléia,,Calafate,7735,1
69914342,Rua 7 de Julho,,Calafate,7735,1
69914344,Rua Marcília,,Calafate,7735,1
69914346,Rua Jesus,,Calafate,7735,1
69914348,Rua do Buriti,,Calafate,7735,1
69914350,Travessa do Buriti,,Calafate,7735,1
69914352,Rua Bom Jesus,,Calafate,7735,1
69914354,Travessa Bom Jesus,,Calafate,7735,1
69914356,Rua Benjamin Constant,,Calafate,7735,1
69914358,Rua Mizael Martins,,Calafate,7735,1
69914360,Rua Chico Mendes,,Calafate,7735,1
69914362,Rua Madeireira,,Calafate,7735,1
69914364,Rua Brasil,,Calafate,7735,1
69914366,Rua da Amizade,,Calafate,7735,1
69914368,Rua 12,,Calafate,7735,1
69914370,Rua Gilson Nogueira Barros,,Calafate,7735,1
69914372,Rua Nossa Senhora de Fátima,,Calafate,7735,1
69914374,Rua Samambaia,,Calafate,7735,1
69914376,Travessa da Paz,,Calafate,7735,1
69914378,Rua Palmeira,,Calafate,7735,1
69914470,Rua Jerusalém,,Conjunto Laélia Alcântara,7735,1
69914472,Rua 25 de Dezembro,,Conjunto Laélia Alcântara,7735,1
69914474,Rua Plácido de Castro,,Conjunto Laélia Alcântara,7735,1
69914476,Rua São Pedro,,Conjunto Laélia Alcântara,7735,1
69914478,Rua Primavera,,Conjunto Laélia Alcântara,7735,1
69914480,Rua Mário Maia,,Conjunto Laélia Alcântara,7735,1
69914482,Rua Benjamin,,Conjunto Laélia Alcântara,7735,1
69914484,Rua Osvaldo Miranda,,Conjunto Laélia Alcântara,7735,1
69914486,Rua Flamengo,,Conjunto Laélia Alcântara,7735,1
69914520,Rua Foca,,Ilson Ribeiro,7735,1
69914523,Rua Raimundo Ferreira,,Ilson Ribeiro,7735,1
69914526,Rua Beija-flor,,Ilson Ribeiro,7735,1
69914529,Rua Coelho,,Ilson Ribeiro,7735,1
69914532,Rua Dromedário,,Ilson Ribeiro,7735,1
69914535,Rua Ema,,Ilson Ribeiro,7735,1
69914538,Rua Quatipuru,,Ilson Ribeiro,7735,1
69914541,Rua Iguana,,Ilson Ribeiro,7735,1
69914544,Rua Sanhaçu,,Ilson Ribeiro,7735,1
69914547,Rua Hiena,,Ilson Ribeiro,7735,1
69914550,Rua João de Barro,,Ilson Ribeiro,7735,1
69914553,Rua Papagaio,,Ilson Ribeiro,7735,1
69914556,Rua Uirapuru,,Ilson Ribeiro,7735,1
69914559,Rua Lince,,Ilson Ribeiro,7735,1
69914562,Rua Mico Leão,,Ilson Ribeiro,7735,1
69914565,Rua Saracura,,Ilson Ribeiro,7735,1
69915000,Rua Isaura Parente,- de 2601 ao fim - lado ímpar,Tangará,7735,1
69915002,Rua Dourado,,Tangará,7735,1
69915004,Rua São Lázaro,,Tangará,7735,1
69915006,Travessa das Rosas,,Tangará,7735,1
69915008,Travessa do Lanche,,Tangará,7735,1
69915010,Travessa Brilhante,,Tangará,7735,1
69915012,Rua Brilhante,,Tangará,7735,1
69915014,Avenida Edmundo Pinto,,Tangará,7735,1
69915016,Rua São Francisco,,Tangará,7735,1
69915018,Travessa José Rodrigues,,Tangará,7735,1
69915020,Rua Major Martins,,Tangará,7735,1
69915022,Rua 7 de Setembro,,Tangará,7735,1
69915024,Rua São Raimundo,,Tangará,7735,1
69915026,Rua Maria da Conceição,,Tangará,7735,1
69915028,Rua Longuinho da Silva,,Tangará,7735,1
69915030,Avenida Ceará,- de 4456 ao fim - lado par,Tangará,7735,1
69915032,Rua dos Engenheiros,,Tangará,7735,1
69915034,Avenida Ceará,- de 4457 ao fim - lado ímpar,Tangará,7735,1
69915060,Rua do Ciclista,,Loteamento Ipanema,7735,1
69915064,Rua Cabo Frio,,Loteamento Ipanema,7735,1
69915066,Rua Angra dos Reis,,Loteamento Ipanema,7735,1
69915068,Rua Búzios,,Loteamento Ipanema,7735,1
69915070,Rua Saquarema,,Loteamento Ipanema,7735,1
69915072,Rua do Pedestre,,Loteamento Ipanema,7735,1
69915110,Rua Montreal II,,Conjunto Esperança,7735,1
69915112,Rua Montreal,,Conjunto Esperança,7735,1
69915114,Rua Areia,,Conjunto Esperança,7735,1
69915116,Travessa Cassimiro,,Conjunto Esperança,7735,1
69915118,Rua Álvaro Inácio,,Conjunto Esperança,7735,1
69915120,Travessa No Limite II,,Conjunto Esperança,7735,1
69915122,Rua Cruzeiro do Sul,- até 599/600,Conjunto Esperança,7735,1
69915124,Travessa Santa Lúcia,,Conjunto Esperança,7735,1
69915126,Rua Maria das Dores,- até 599/600,Conjunto Esperança,7735,1
69915128,Rua da Noroega,,Conjunto Esperança,7735,1
69915130,Rua Raimundo Melo,,Conjunto Esperança,7735,1
69915132,Travessa Edmundo Pinto,,Conjunto Esperança,7735,1
69915134,Rua Cristo Rei,,Conjunto Esperança,7735,1
69915136,Rua da Santos Dumont,,Conjunto Esperança,7735,1
69915138,Travessa No Limite,,Conjunto Esperança,7735,1
69915140,Rua Álvaro de Azevedo,,Conjunto Esperança,7735,1
69915142,Rua Joaquim Nabuco,,Conjunto Esperança,7735,1
69915144,Rua Alfredo Taunay,,Conjunto Esperança,7735,1
69915146,Rua Domingos Olímpio,,Conjunto Esperança,7735,1
69915148,Travessa Raul Pompéia,,Conjunto Esperança,7735,1
69915150,Travessa Fagundes Varela,,Conjunto Esperança,7735,1
69915152,Rua Junqueira Freire,,Conjunto Esperança,7735,1
69915154,Rua Maria das Dores,- de 601/602 ao fim,Conjunto Esperança,7735,1
69915156,Rua Cruzeiro do Sul,- de 601/602 ao fim,Conjunto Esperança,7735,1
69915158,Rua Domingos Vidal,,Conjunto Esperança,7735,1
69915160,Rua Nabuco de Araújo,,Conjunto Esperança,7735,1
69915162,Rua José Lins do Rego,,Conjunto Esperança,7735,1
69915164,Rua Felipe dos Santos,,Conjunto Esperança,7735,1
69915166,Rua Cecília Meireles,,Conjunto Esperança,7735,1
69915168,Rua Euclides da Cunha,,Conjunto Esperança,7735,1
69915170,Rua Raquel de Queiroz,,Conjunto Esperança,7735,1
69915172,Rua Lima Barreto,,Conjunto Esperança,7735,1
69915174,Rua Aloízio de Azevedo,,Conjunto Esperança,7735,1
69915176,Rua Graça Aranha,,Conjunto Esperança,7735,1
69915178,Rua General Vieira de Melo,- até 1199/1200,Conjunto Esperança,7735,1
69915180,Travessa Gonçalves Dias,,Conjunto Esperança,7735,1
69915182,Rua General Vieira de Melo,- de 1201/1202 a 2699/2700,Conjunto Esperança,7735,1
69915184,Travessa da Horta,,Conjunto Esperança,7735,1
69915190,Rua São Mateus,,Nova Esperança,7735,1
69915192,Avenida 7 de Setembro,- de 622/623 a 1253/1254,Nova Esperança,7735,1
69915194,Rua Gastão Lobão,,Nova Esperança,7735,1
69915196,Estrada do Calafate,- de 700/701 a 1279/1280,Nova Esperança,7735,1
69915198,Rua Hélio Melo,,Nova Esperança,7735,1
69915200,Rua Terra,,Nova Esperança,7735,1
69915202,Rua São José,,Nova Esperança,7735,1
69915204,Rua 25 de Dezembro,,Nova Esperança,7735,1
69915206,Beco da Esperança,,Nova Esperança,7735,1
69915208,Rua 12 de Outubro,,Nova Esperança,7735,1
69915210,Travessa da Amizade,,Nova Esperança,7735,1
69915212,Beco da Felicidade,,Nova Esperança,7735,1
69915214,Rua da Paz,,Nova Esperança,7735,1
69915216,Rua Cristo Rei,,Nova Esperança,7735,1
69915218,Rua Margarida,,Nova Esperança,7735,1
69915220,Avenida 7 de Setembro,- até 620/621,Nova Esperança,7735,1
69915222,Rua São Pedro,,Nova Esperança,7735,1
69915224,Rua Nordeste,,Nova Esperança,7735,1
69915226,Rua 15 de Dezembro,,Nova Esperança,7735,1
69915228,Rua Benzinho,,Nova Esperança,7735,1
69915230,Rua 25 de Agosto,,Nova Esperança,7735,1
69915232,Rua Vitória,,Nova Esperança,7735,1
69915236,Rua José Mendes,,Nova Esperança,7735,1
69915238,Travessa Padre Fernão Gardim,,Nova Esperança,7735,1
69915240,Rua Betânia,,Nova Esperança,7735,1
69915242,Rua 1º de Abril,,Nova Esperança,7735,1
69915244,Rua João Neto da Silva,,Nova Esperança,7735,1
69915246,Rua José Paulino de Oliveira,,Nova Esperança,7735,1
69915248,Rua Avestruz,,Nova Esperança,7735,1
69915250,Travessa Esmeralda,,Nova Esperança,7735,1
69915252,Rua Jatuarana,,Nova Esperança,7735,1
69915254,Estrada da Floresta,- até 714 - lado par,Nova Esperança,7735,1
69915256,Rua Projetada 99,,Nova Esperança,7735,1
69915258,Rua Ema,,Nova Esperança,7735,1
69915260,Rua Arminio Alves,,Nova Esperança,7735,1
69915262,Rua Maranhão,,Nova Esperança,7735,1
69915264,Rua Pará,,Nova Esperança,7735,1
69915266,Estrada do Calafate,- até 690 - lado par,Nova Esperança,7735,1
69915270,Rua LBA,,LBA Vila Betel ll,7735,1
69915272,Rua Sena Madureira,,LBA Vila Betel ll,7735,1
69915274,Travessa Eldorado,,LBA Vila Betel ll,7735,1
69915276,Rua Mário Maia,,LBA Vila Betel ll,7735,1
69915278,Rua Senador Guiomard Santos,,LBA Vila Betel ll,7735,1
69915280,Rua Mâncio Lima,,LBA Vila Betel ll,7735,1
69915282,Rua Cosme,,LBA Vila Betel ll,7735,1
69915284,Rua Lilia Cadaxo,,LBA Vila Betel ll,7735,1
69915286,Travessa Betel,,LBA Vila Betel ll,7735,1
69915288,Rua Cruzeiro do Sul,,LBA Vila Betel ll,7735,1
69915290,Rua Porto Acre,,LBA Vila Betel ll,7735,1
69915292,Rua Manoel Urbano,,LBA Vila Betel ll,7735,1
69915294,Rua Augusto Cesar,,LBA Vila Betel ll,7735,1
69915296,Rua Brasiléia,,LBA Vila Betel ll,7735,1
69915298,Travessa Rio de Janeiro,,LBA Vila Betel ll,7735,1
69915302,Rua Santa Rosa,,LBA Vila Betel ll,7735,1
69915304,Travessa Bandeira,,LBA Vila Betel ll,7735,1
69915306,Rua Marte,,LBA Vila Betel ll,7735,1
69915308,Travessa Brasil,,LBA Vila Betel ll,7735,1
69915310,Travessa 7 de Setembro,,LBA Vila Betel ll,7735,1
69915312,Rua 25 de Dezembro,,LBA Vila Betel ll,7735,1
69915314,Rua C,,LBA Vila Betel ll,7735,1
69915316,Rua Porto Walter,,LBA Vila Betel ll,7735,1
69915318,Travessa Jatobá,,LBA Vila Betel ll,7735,1
69915350,Rua Gregório de Matos,,Residencial Araçá,7735,1
69915352,Travessa Barbosa da Gama,,Residencial Araçá,7735,1
69915354,Rua São Mateus,,Residencial Araçá,7735,1
69915356,Travessa Bento Teixeira,,Residencial Araçá,7735,1
69915358,Travessa Magalhães,,Residencial Araçá,7735,1
69915360,Rua Gandavo,,Residencial Araçá,7735,1
69915361,Travessa São José,,Residencial Araçá,7735,1
69915362,Rua São José,,Residencial Araçá,7735,1
69915364,Rua Tabosa,- de 4781/4782 ao fim,Residencial Araçá,7735,1
69915370,Estrada do Calafate,- de 1281/1282 a 1345/1346,Conjunto Habitar Brasil,7735,1
69915372,Rua São João,,Conjunto Habitar Brasil,7735,1
69915374,Rua Gastão Lobão,,Conjunto Habitar Brasil,7735,1
69915376,Rua São Lucas,,Conjunto Habitar Brasil,7735,1
69915378,Avenida 7 de Setembro,- de 1255/1256 ao fim,Conjunto Habitar Brasil,7735,1
69915380,Rua São Marcos,- até 394/395,Conjunto Habitar Brasil,7735,1
69915410,Rua General Vieira de Melo,- de 2701/2702 ao fim,Jardim Europa,7735,1
69915413,Rua Dinamarca,,Jardim Europa,7735,1
69915419,Alameda Bélgica,,Jardim Europa,7735,1
69915422,Alameda Irlanda,,Jardim Europa,7735,1
69915425,Rua Escócia,,Jardim Europa,7735,1
69915428,Rua São Marcos,- de 396/397 ao fim,Jardim Europa,7735,1
69915431,Rua Mateus,- de 396/397 ao fim,Jardim Europa,7735,1
69915434,Alameda Venezuela,,Jardim Europa,7735,1
69915437,Alameda França,,Jardim Europa,7735,1
69915440,Alameda Lisboa,,Jardim Europa,7735,1
69915443,Alameda Portugal,,Jardim Europa,7735,1
69915446,Alameda Coimbra,,Jardim Europa,7735,1
69915449,Alameda Barcelona,,Jardim Europa,7735,1
69915452,Alameda Verona,,Jardim Europa,7735,1
69915455,Alameda Suíça,,Jardim Europa,7735,1
69915458,Alameda Viena,,Jardim Europa,7735,1
69915461,Alameda Veneza,,Jardim Europa,7735,1
69915464,Alameda Florença,,Jardim Europa,7735,1
69915467,Alameda Itália,,Jardim Europa,7735,1
69915470,Alameda Napoli,,Jardim Europa,7735,1
69915473,Alameda Sevilha,,Jardim Europa,7735,1
69915476,Alameda Roma,,Jardim Europa,7735,1
69915479,Alameda Madri,,Jardim Europa,7735,1
69915482,Alameda Áustria,,Jardim Europa,7735,1
69915485,Rua Gênova,,Jardim Europa,7735,1
69915488,Alameda Equador,,Jardim Europa,7735,1
69915491,Alameda Austrália,,Jardim Europa,7735,1
69915494,Alameda Grécia,,Jardim Europa,7735,1
69915497,Alameda Alemanha,,Jardim Europa,7735,1
69915500,Rua Mohamed,,Jardim de Alah,7735,1
69915502,Rua Catuaba,,Jardim de Alah,7735,1
69915504,Rua Luxemburgo,,Jardim de Alah,7735,1
69915506,Rua Raimundo Chagas de Souza,,Jardim de Alah,7735,1
69915508,Travessa Alameda,,Jardim de Alah,7735,1
69915510,Rua das Palheiras,,Jardim de Alah,7735,1
69915512,Rua Santa Lúcia,,Jardim de Alah,7735,1
69915514,Rua Buriti,,Jardim de Alah,7735,1
69915516,Rua Mário Maia,,Jardim de Alah,7735,1
69915518,Rua Icarai,,Jardim de Alah,7735,1
69915520,Rua Jabuticaba,,Jardim de Alah,7735,1
69915522,Estrada Dias Martins,- até 591 - lado ímpar,Jardim de Alah,7735,1
69915524,Alameda Projetada 516,,Jardim de Alah,7735,1
69915526,Estrada Dias Martins,- de 787 a 1485 - lado ímpar,Jardim de Alah,7735,1
69915536,Rua José Pinho,,Jardim de Alah,7735,1
69915572,Rua Fátima Maia,,Jardim de Alah,7735,1
69915630,Rodovia BR-364,(Rio Branco-Cruzeiro do Sul) - até 2334/2335,Portal da Amazônia,7735,1
69915632,Alameda Ministro Miguel Ferrante,,Portal da Amazônia,7735,1
69915634,Alameda Sena Madureira,,Portal da Amazônia,7735,1
69915636,Alameda Tarauacá,,Portal da Amazônia,7735,1
69915638,Alameda Porto Acre,,Portal da Amazônia,7735,1
69915640,Alameda Feijó,,Portal da Amazônia,7735,1
69915642,Alameda Santa Rosa,,Portal da Amazônia,7735,1
69915644,Rua Um,,Portal da Amazônia,7735,1
69915646,Alameda Brasiléia,,Portal da Amazônia,7735,1
69915648,Alameda Plácido de Castro,,Portal da Amazônia,7735,1
69915650,Alameda Senador Guiomard,,Portal da Amazônia,7735,1
69915652,Alameda Acrelândia,,Portal da Amazônia,7735,1
69915654,Alameda Pirarucú,- até 411/412,Portal da Amazônia,7735,1
69915656,Rua Manoel Urbano,,Portal da Amazônia,7735,1
69915658,Alameda Pintado,,Portal da Amazônia,7735,1
69915660,Alameda Piapara,- até 223/224,Portal da Amazônia,7735,1
69915662,Rua Surubim,,Portal da Amazônia,7735,1
69915664,Estrada do Calafate,- de 1347/1348 a 1701/1702,Portal da Amazônia,7735,1
69915666,Estrada do Calafate,- de 1703/1704 a 1927/1928,Portal da Amazônia,7735,1
69915668,Rua Tambaqui,,Portal da Amazônia,7735,1
69915670,Alameda Acará,,Portal da Amazônia,7735,1
69915672,Rua Pirapitanga,,Portal da Amazônia,7735,1
69915674,Alameda Pirarucú,- de 413/414 ao fim,Portal da Amazônia,7735,1
69915676,Avenida Tucunaré,- até 467/468,Portal da Amazônia,7735,1
69915680,Rua Tucuxi,,Portal da Amazônia,7735,1
69915682,Rua Piracanjuba,,Portal da Amazônia,7735,1
69915684,Rua Condor,,Portal da Amazônia,7735,1
69915686,Rua Mandim,,Portal da Amazônia,7735,1
69915688,Rua Lambari,,Portal da Amazônia,7735,1
69915690,Rua José Chalub Leite,- de 351/352 ao fim,Portal da Amazônia,7735,1
69915692,Rua Dourado,,Portal da Amazônia,7735,1
69915694,Rua Matrinchã,,Portal da Amazônia,7735,1
69915696,Rua Piau,,Portal da Amazônia,7735,1
69915698,Rua Antônia Magalhães,,Portal da Amazônia,7735,1
69915700,Rua João Nascimento,,Portal da Amazônia,7735,1
69915704,Rua José Chalub Leite,- até 349/350,Portal da Amazônia,7735,1
69915706,Rua Edmundo Pinto,,Portal da Amazônia,7735,1
69915708,Rua Coruja,,Portal da Amazônia,7735,1
69915710,Rua Patativa,,Portal da Amazônia,7735,1
69915712,Avenida Tucunaré,- de 469/470 ao fim,Portal da Amazônia,7735,1
69915720,Rua Silvio Antônio Araújo de Oliveira,,Portal da Amazônia,7735,1
69915723,Rua João Resende,,Portal da Amazônia,7735,1
69915726,Rua José Mario Junqueira,,Portal da Amazônia,7735,1
69915729,Avenida Purus,- de 581/582 ao fim,Portal da Amazônia,7735,1
69915732,Rua Rio Negro,- de 581/582 ao fim,Portal da Amazônia,7735,1
69915735,Rua Envira,- de 511/512 ao fim,Portal da Amazônia,7735,1
69915738,Avenida Iáco,- de 671/672 ao fim,Portal da Amazônia,7735,1
69915741,Rua Jaçanã,,Portal da Amazônia,7735,1
69915744,Rua Luiz Gonzaga de Oliveira,,Portal da Amazônia,7735,1
69915747,Rua Matilde Lemos de Moura Leite,,Portal da Amazônia,7735,1
69915750,Rua Evência Maria Ribeiro,,Portal da Amazônia,7735,1
69915753,Rua Manoel Lemos de Moura Leite,,Portal da Amazônia,7735,1
69915756,Rua Manoel Francisco da Silva,,Portal da Amazônia,7735,1
69915759,Rua Codorna,,Portal da Amazônia,7735,1
69915762,Rua Saracura,,Portal da Amazônia,7735,1
69915765,Rua Pardal,,Portal da Amazônia,7735,1
69915768,Rua Juriti,,Portal da Amazônia,7735,1
69915771,Rua Bacurau,,Portal da Amazônia,7735,1
69915774,Rua João Batista de Oliveira,,Portal da Amazônia,7735,1
69915777,Rua Paulo Lemos de Moura Leite,,Portal da Amazônia,7735,1
69915780,Rua Vicente Lopes de Oliveira,,Portal da Amazônia,7735,1
69915783,Rua Severino Israel de Lima,,Portal da Amazônia,7735,1
69915786,Rua Rio Moa,,Portal da Amazônia,7735,1
69915789,Rua Rio Tejo,,Portal da Amazônia,7735,1
69915800,Rua Santa Rosa,,Portal da Amazônia,7735,1
69915802,Rua Laurindo Barbosa Lima,,Portal da Amazônia,7735,1
69915804,Rua Camarão,,Portal da Amazônia,7735,1
69915806,Avenida Purus,- até 579/580,Portal da Amazônia,7735,1
69915808,Rua Avestruz,,Portal da Amazônia,7735,1
69915810,Rua José Ismael de Lima,,Portal da Amazônia,7735,1
69915812,Rua Currupião,,Portal da Amazônia,7735,1
69915814,Rua Riozinho,,Portal da Amazônia,7735,1
69915816,Rua Juruá,,Portal da Amazônia,7735,1
69915818,Rua Caeté,,Portal da Amazônia,7735,1
69915820,Rua Macauã,,Portal da Amazônia,7735,1
69915822,Rua Chandles,,Portal da Amazônia,7735,1
69915824,Rua Tracuá,,Portal da Amazônia,7735,1
69915826,Rua Ituxi,,Portal da Amazônia,7735,1
69915828,Rua Quinauá,,Portal da Amazônia,7735,1
69915830,Travessa Purus,,Portal da Amazônia,7735,1
69915832,Rua Iquiri,,Portal da Amazônia,7735,1
69915834,Estrada do Calafate,- de 1929/1930 a 2382/2383,Portal da Amazônia,7735,1
69915836,Estrada do Calafate,- de 2384/2385 a 3210/3211,Portal da Amazônia,7735,1
69915838,Rua Rio Negro,- até 579/580,Portal da Amazônia,7735,1
69915840,Rua Abunã,,Portal da Amazônia,7735,1
69915842,Rua Envira,- até 509/510,Portal da Amazônia,7735,1
69915844,Rua Projetada 524,,Portal da Amazônia,7735,1
69915846,Rua Projetada 1029,,Portal da Amazônia,7735,1
69915848,Rua Rio Caeté,,Portal da Amazônia,7735,1
69915850,Rua Tatajuba,,Portal da Amazônia,7735,1
69915852,Rua Projetada 980,,Portal da Amazônia,7735,1
69915854,Rua Samaúma,,Portal da Amazônia,7735,1
69915856,Rua Pau-d'arco,,Portal da Amazônia,7735,1
69915858,Rua Cedro,,Portal da Amazônia,7735,1
69915860,Rua Arueira,,Portal da Amazônia,7735,1
69915862,Rua Andirá,,Portal da Amazônia,7735,1
69915864,Rua Andiroba,,Portal da Amazônia,7735,1
69915866,Rua Jatobá,,Portal da Amazônia,7735,1
69915868,Rua Cerejeira,,Portal da Amazônia,7735,1
69915870,Rua Projetada 521,,Portal da Amazônia,7735,1
69915872,Rua Virola,,Portal da Amazônia,7735,1
69915874,Rua Antimari,,Portal da Amazônia,7735,1
69915876,Rua Cumarú,,Portal da Amazônia,7735,1
69915878,Avenida Iáco,- até 669/670,Portal da Amazônia,7735,1
69915882,Rua Castanheira,,Portal da Amazônia,7735,1
69915884,Rua Mogno,,Portal da Amazônia,7735,1
69915886,Rua da Seringueira,,Portal da Amazônia,7735,1
69915888,Rua Maritê,,Portal da Amazônia,7735,1
69915890,Rua Jacarandá,,Portal da Amazônia,7735,1
69915892,Rua Flamingos,,Portal da Amazônia,7735,1
69915894,Avenida Beija-flor,- de 599/600 ao fim,Portal da Amazônia,7735,1
69915901,Alameda Alemanha 200,,Jardim Europa,7735,1
69917500,Avenida Beija-flor,- até 597/598,Conjunto Jardim Universitário,7735,1
69917502,Rua Papagaio,,Conjunto Jardim Universitário,7735,1
69917504,Rua Pica-pau,,Conjunto Jardim Universitário,7735,1
69917506,Rua Mutum,,Conjunto Jardim Universitário,7735,1
69917508,Rua Jaçanã,,Conjunto Jardim Universitário,7735,1
69917510,Rua Jaburu,,Conjunto Jardim Universitário,7735,1
69917512,Rua Jacamim,,Conjunto Jardim Universitário,7735,1
69917514,Rua Bem-te-vi,,Conjunto Jardim Universitário,7735,1
69917516,Rua Tucano,,Conjunto Jardim Universitário,7735,1
69917518,Rua Canário,,Conjunto Jardim Universitário,7735,1
69917520,Estrada Dias Martins,- de 4121/4122 a 7799/7800,Chácara Ipê,7735,1
69917522,Alameda Buriti,,Chácara Ipê,7735,1
69917524,Alameda Magnólia,,Chácara Ipê,7735,1
69917526,Alameda Ouricuri,,Chácara Ipê,7735,1
69917528,Alameda das Paineiras,,Chácara Ipê,7735,1
69917530,Alameda Jaci,,Chácara Ipê,7735,1
69917532,Alameda Açaí,,Chácara Ipê,7735,1
69917534,Alameda Jasmins,,Chácara Ipê,7735,1
69917536,Alameda Azaléas,,Chácara Ipê,7735,1
69917538,Alameda Camélias,,Chácara Ipê,7735,1
69917540,Alameda Garças,,Chácara Ipê,7735,1
69917542,Alameda Araras,,Chácara Ipê,7735,1
69917544,Alameda Japim,,Chácara Ipê,7735,1
69917546,Alameda Curió,,Chácara Ipê,7735,1
69917548,Alameda das Manacás,,Chácara Ipê,7735,1
69917550,Alameda Ipê,,Chácara Ipê,7735,1
69917552,Travessa Cisne,,Chácara Ipê,7735,1
69917554,Alameda Palmeiras,,Chácara Ipê,7735,1
69917556,Alameda Flamboyant,,Chácara Ipê,7735,1
69917558,Alameda das Acácias,,Chácara Ipê,7735,1
69917560,Estrada Dias Martins,- de 1600/1601 a 4119/4120,Chácara Ipê,7735,1
69917650,Rua Principal 2,,Pedro Roseno,7735,1
69917651,Travessa Odim de Aguiar Queiroz,,Pedro Roseno,7735,1
69917652,Rua Projetada 1096,,Pedro Roseno,7735,1
69917654,Rua Projetada 221,,Pedro Roseno,7735,1
69917656,Rua Projetada 222,,Pedro Roseno,7735,1
69917658,Rua Celso Roberto Alenio De Souza,,Pedro Roseno,7735,1
69917660,Rua Projetada 224,,Pedro Roseno,7735,1
69917662,Rua Projetada 225,,Pedro Roseno,7735,1
69917664,Rua Brigadeiro Damasceno,,Pedro Roseno,7735,1
69917666,Rua Jessé Vieira da Silva,,Pedro Roseno,7735,1
69917668,Rua Soldado Oliveira,,Pedro Roseno,7735,1
69917670,Rua Principal 1,,Pedro Roseno,7735,1
69917672,Rodovia BR-364,(Rio Branco-Cruzeiro do Sul) - de 2336/2337 a 3578/3579,Pedro Roseno,7735,1
69917680,Avenida Maria José de Oliveira,- até 449/450,Conjunto Universitário,7735,1
69917682,Rua Bem-te-vi,,Conjunto Universitário,7735,1
69917684,Rua Saldanha,,Conjunto Universitário,7735,1
69917686,Rua Álvaro Rocha,,Conjunto Universitário,7735,1
69917688,Rua Pinheiros,,Conjunto Universitário,7735,1
69917690,Rua São Lucas,,Conjunto Universitário,7735,1
69917692,Rua do Galpão,,Conjunto Universitário,7735,1
69917694,Rua Manoel Dantas,,Conjunto Universitário,7735,1
69917696,Rua São Judas Tadeu,,Conjunto Universitário,7735,1
69917698,Rua Gumercindo,,Conjunto Universitário,7735,1
69917700,Rua das Flores,,Conjunto Universitário,7735,1
69917702,Rua Mato Grosso do Sul,,Conjunto Universitário,7735,1
69917704,Rua Aquários,,Conjunto Universitário,7735,1
69917706,Rua Olga Abud,,Conjunto Universitário,7735,1
69917708,Rua 15 de Dezembro,,Conjunto Universitário,7735,1
69917710,Rua Vitória,,Conjunto Universitário,7735,1
69917712,Avenida Maria José de Oliveira,- de 451/452 a 889/890,Conjunto Universitário,7735,1
69917714,Rua Pastor Geremias,,Conjunto Universitário,7735,1
69917716,Rua 2 de Maio,,Conjunto Universitário,7735,1
69917718,Rua da Caixa D'Água,,Conjunto Universitário,7735,1
69917720,Rua Alcimar Leitão,,Conjunto Universitário,7735,1
69917724,Rua Edson Luiz Firmino,,Conjunto Universitário,7735,1
69917726,Rua Romã,,Conjunto Universitário,7735,1
69917728,Rua Rosa de Saron,,Conjunto Universitário,7735,1
69917730,Rua Janaína,,Conjunto Universitário,7735,1
69917732,Rua Eugênio Beco Bezerra,,Conjunto Universitário,7735,1
69917734,Travessa Buriti,,Conjunto Universitário,7735,1
69917736,Rua Álvaro Thomaz,,Conjunto Universitário,7735,1
69917738,Rua Gumercindo Bessa,,Conjunto Universitário,7735,1
69917740,Rua Neto Almeida,,Conjunto Universitário,7735,1
69917742,Avenida Maria José de Oliveira,- de 891/892 ao fim,Conjunto Universitário,7735,1
69917744,Rua Presbiteriana,,Conjunto Universitário,7735,1
69917746,Rua Rio Grande do Norte,,Conjunto Universitário,7735,1
69917748,Rua Parintins,,Conjunto Universitário,7735,1
69917750,Rua Raimundo Ferreira,,Conjunto Universitário,7735,1
69917752,Rua Jardim Botânico,,Conjunto Universitário,7735,1
69917754,Rua Maranhão,,Conjunto Universitário,7735,1
69917756,Rua do Bené,,Conjunto Universitário,7735,1
69917758,Rua Francisca Luiz Bezerra,,Conjunto Universitário,7735,1
69917760,Rua Piauí,,Conjunto Universitário,7735,1
69917762,Rua Sibipiruna,,Conjunto Universitário,7735,1
69917764,Rua Manoel Gadelha,,Conjunto Universitário,7735,1
69917766,Estrada Dias Martins,- de 7801/7802 ao fim,Conjunto Universitário,7735,1
69917770,Avenida Sabiá,- de 701/702 ao fim,Conjunto Universitário,7735,1
69917772,Avenida Sabiá,- até 699/700,Conjunto Universitário,7735,1
69918000,Rua Omar Sabino,- até 556/557,Conjunto Mascarenhas de Moraes,7735,1
69918002,Travessa Nazira Anute,,Conjunto Mascarenhas de Moraes,7735,1
69918004,Rua 17,,Conjunto Mascarenhas de Moraes,7735,1
69918006,Rua 18,,Conjunto Mascarenhas de Moraes,7735,1
69918008,Rua Lauro Ribeiro,,Conjunto Mascarenhas de Moraes,7735,1
69918010,Rua Projetada 140,,Conjunto Mascarenhas de Moraes,7735,1
69918012,Rua Rio de Janeiro,- de 1467/1468 ao fim,Conjunto Mascarenhas de Moraes,7735,1
69918014,Rua Orlando Meireles,,Conjunto Mascarenhas de Moraes,7735,1
69918016,Rua 20,,Conjunto Mascarenhas de Moraes,7735,1
69918018,Rua 1,,Conjunto Mascarenhas de Moraes,7735,1
69918020,Rua Catumbí,,Conjunto Mascarenhas de Moraes,7735,1
69918022,Rua 5,,Conjunto Mascarenhas de Moraes,7735,1
69918024,Rua 6,,Conjunto Mascarenhas de Moraes,7735,1
69918026,Rua Tijuca,,Conjunto Mascarenhas de Moraes,7735,1
69918028,Rua Granada,,Conjunto Mascarenhas de Moraes,7735,1
69918030,Rua Pio XII,- de 88/89 ao fim,Conjunto Mascarenhas de Moraes,7735,1
69918032,Rua 7,,Conjunto Mascarenhas de Moraes,7735,1
69918040,Travessa Leblon,,Abraão Alab,7735,1
69918042,Rua Pio XII,- até 86/87,Abraão Alab,7735,1
69918044,Rua Rubens Carneiro,,Abraão Alab,7735,1
69918046,Rua Ari Rodrigues,,Abraão Alab,7735,1
69918048,Rua Rio de Janeiro,- de 1156 a 1466 - lado par,Abraão Alab,7735,1
69918050,Rua Itamaracá,- de 201/202 ao fim,Abraão Alab,7735,1
69918052,Rua Veterano Hernesto Sales,- até 247/248,Abraão Alab,7735,1
69918054,Rua Veterano Manoel Avelino,- até 257/258,Abraão Alab,7735,1
69918056,Rua Veterano Telmo Julião,- até 219/220,Abraão Alab,7735,1
69918058,Rua Veterano Henrique Julião,- até 329/330,Abraão Alab,7735,1
69918060,Rua Rio de Janeiro,- de 912 a 1154 - lado par,Abraão Alab,7735,1
69918062,Rua Carmópolis,,Abraão Alab,7735,1
69918064,Travessa Raimundo Gama,,Abraão Alab,7735,1
69918066,Rua Veterano Manoel de Barros,- até 227/228,Abraão Alab,7735,1
69918070,Rua Major Ladislau Ferreira,- de 521/522 a 783/784,Jardim Nazle,7735,1
69918071,Rua dos Amores,,Jardim Nazle,7735,1
69918072,Rua Veterano Hernesto Sales,- de 249/250 ao fim,Jardim Nazle,7735,1
69918074,Rua Veterano Manoel Avelino,- de 259/260 ao fim,Jardim Nazle,7735,1
69918076,Rua Veterano Telmo Julião,- de 221/222 ao fim,Jardim Nazle,7735,1
69918078,Rua Veterano Henrique Julião,- de 331/332 ao fim,Jardim Nazle,7735,1
69918080,Rua Veterano Manoel de Barros,- de 229/230 ao fim,Jardim Nazle,7735,1
69918082,Rua Mozart,,Jardim Nazle,7735,1
69918084,Avenida Ceará,- de 2831 a 3221 - lado ímpar,Jardim Nazle,7735,1
69918090,Rua Isaura Parente,- de 801 a 1365 - lado ímpar,7º BEC,7735,1
69918093,Avenida Nações Unidas,- de 1486/1487 a 2709/2710,7º BEC,7735,1
69918096,Travessa Caramurú,,7º BEC,7735,1
69918099,Rua Padre Thiago,,7º BEC,7735,1
69918102,Rua Padre André,,7º BEC,7735,1
69918105,Rua Padre Hugo,,7º BEC,7735,1
69918108,Avenida Ceará,- de 3223 a 4199 - lado ímpar,7º BEC,7735,1
69918111,Avenida Ceará,- de 2764 a 4200 - lado par,7º BEC,7735,1
69918114,Rua Omar Sabino,- de 559/560 ao fim,7º BEC,7735,1
69918117,Rua Major Ladislau Ferreira,- de 785/786 ao fim,7º BEC,7735,1
69918120,Rua Frei Caneca,,Doca Furtado,7735,1
69918124,Travessa Guanabara,,Doca Furtado,7735,1
69918126,Rua 7 de Setembro,,Doca Furtado,7735,1
69918128,Rua Ana Paula,,Doca Furtado,7735,1
69918130,Rua Sorocaba,,Doca Furtado,7735,1
69918132,Rua Ana Maria,,Doca Furtado,7735,1
69918134,Rua 12 de Julho,,Doca Furtado,7735,1
69918136,Travessa Doca Furtado,,Doca Furtado,7735,1
69918138,Travessa Boa Esperança,,Doca Furtado,7735,1
69918140,Rua Oriente,,Doca Furtado,7735,1
69918142,Rua 24 de Dezembro,,Doca Furtado,7735,1
69918144,Rua Guanabara,,Doca Furtado,7735,1
69918146,Rua Castelo Branco,,Doca Furtado,7735,1
69918148,Avenida Ceará,- de 4201 a 4455 - lado ímpar,Doca Furtado,7735,1
69918162,Rua Duque de Caxias,,Estação Experimental,7735,1
69918164,Rua Nova,,Estação Experimental,7735,1
69918166,Rua Conde Deu,,Estação Experimental,7735,1
69918168,Rua Cabo Frio,,Estação Experimental,7735,1
69918170,Rua Magé,,Estação Experimental,7735,1
69918172,Avenida Nações Unidas,- de 2711/2712 ao fim,Estação Experimental,7735,1
69918174,Rua Pedro Álvares Cabral,,Estação Experimental,7735,1
69918176,Rua Princesa Isabel,,Estação Experimental,7735,1
69918178,Rua Vital Brasil,,Estação Experimental,7735,1
69918180,Travessa Cabo Frio,,Estação Experimental,7735,1
69918182,Rua Plácido de Castro,,Estação Experimental,7735,1
69918184,Rua Afonso Amoedo,,Estação Experimental,7735,1
69918186,Rua Fausto Robalo,,Estação Experimental,7735,1
69918188,Rua Fontenele de Castro,,Estação Experimental,7735,1
69918190,Travessa Plácido de Castro,,Estação Experimental,7735,1
69918192,Rua João Câncio,- até 337/338,Estação Experimental,7735,1
69918194,Rua Alexandre Leitão,,Estação Experimental,7735,1
69918196,Travessa da Estação,,Estação Experimental,7735,1
69918198,Rua Senador Kairala,- até 347/348,Estação Experimental,7735,1
69918200,Rua Saldanha Marinho,,Estação Experimental,7735,1
69918202,Rua Geraldo Mesquita,,Estação Experimental,7735,1
69918204,Travessa Icó,,Estação Experimental,7735,1
69918206,Travessa da Cobal,,Estação Experimental,7735,1
69918208,Rua República,,Estação Experimental,7735,1
69918210,Rua Veneza,,Estação Experimental,7735,1
69918212,Rua Latorre,,Estação Experimental,7735,1
69918214,Rua Coronel Sebastião Dantas,,Estação Experimental,7735,1
69918216,Rua Isaura Parente,- de 1367 a 2599 - lado ímpar,Estação Experimental,7735,1
69918218,Rua Isaura Parente,- de 1926 a 2598 - lado par,Estação Experimental,7735,1
69918220,Rua Araucária,,Estação Experimental,7735,1
69918240,Rua Jandáia,,Isaura Parente,7735,1
69918242,Travessa Vertente,,Isaura Parente,7735,1
69918244,Rua Jaguari,,Isaura Parente,7735,1
69918246,Beco Jaguari,,Isaura Parente,7735,1
